{"cameraMode":{"drawMode":0,"name":"Shaded","section":"Shading Mode"},"sceneLighting":true,"audioPlay":false,"sceneViewState":{"showFog":true,"showMaterialUpdate":false,"showSkybox":true,"showFlares":true,"showImageEffects":true,"showParticleSystems":true},"in2DMode":false,"pivot":{"x":-0.41792404651641848,"y":-1.3041443824768067,"z":4.174724578857422},"rotation":{"x":-0.2244519144296646,"y":0.2487376183271408,"z":-0.0593724325299263,"w":-0.9403347373008728},"size":2.360487222671509,"orthographic":false}